leonard1971@zemlak.net,Sr. Fernanda Fernandes,824/681-4538
zackery2046@osinski.name,Lucas Datena,3328436532
violette.reilly@keebler.biz,Dra. Luiz Henrique Negrão,(435) 414-2405
graham_bode@kertzmann.com,Yuri Dantas,(670) 666-5775
daisha2092@breitenberg.name,Mércia Regueira Neto,9158345659
ramona_reilly@kautzer.org,Lorenzo Campos,(239) 724-6268
karelle2083@emmerich.net,Srta. André Banheira Jr.,558.221.4531
zack_wilderman@windler.org,Roberto Marques,(203) 612-2211
lela.monahan@klein.net,Maitê Ribeiro,970/868-9971
johann.mueller@stokes.biz,Dr. Maria Luiza Fontinhas,(711) 849-6260
dallas2071@okon.name,Bryan da Veiga,8603027973
viviane1970@ebert.com,Roberto Resende,202.806.7313
fermin2052@kertzmann.name,Pedro Gabeira,231/823-7451
lora2006@bergstrom.org,Henrique Camacho,570-625-7032
wilbert1997@wilderman.com,Lavínia Videira,382.879.6694
mauricio2005@muller.info,Srta. Ladislau Fernandes Jr.,3659860065
nova_schamberger@ferry.com,Mércia Ribeira,649-442-6914
darian1970@eichmann.biz,Luiz Otávio Braga,446.833.4228
marcel_goyette@conroy.org,Amanda Ferreira,4009416376
austyn_steuber@heathcote.name,Samuel Dias,(606) 418-4833
dayana_miller@wisozk.net,Srta. Vinicius Espinheira Neto,922.214.3706
dewayne1972@bergstrom.name,Kléber Veles,283.621.2805
emelia.armstrong@bode.org,Patricia Pinheira,233.601.1338
freda_little@casper.name,Enrico Ferraço,411.479.5663
judge_nikolaus@murray.net,Sr. Felícia Macieira,571/449-1424
ed1992@keeling.com,Ana Sales,958/747-0593
jamir.wisoky@lebsack.biz,João Lucas Lopes,8118249718
desmond_toy@grimes.net,Davi Luiz Mangueira,577/671-6862
napoleon_miller@robel.biz,Luiz Otávio Assumpção,(714) 321-8620
micah.kovacek@kemmer.net,Davi Menendes,(806) 368-2931
rahsaan_orn@schamberger.net,João Lucas Castanho,617-886-2544
tremaine1991@bernhard.info,Ana Luiza da Terra,774/768-0687
kaycee.rowe@ondricka.com,Mariana da Barranca,7072432450
cleveland1980@bernier.net,Felipe Nascimento,4106038863
lelia1949@carter.biz,Sra. Rafaela Aparício,7575289759
ofelia2070@jakubowski.biz,Arthur Miguel Caldas,5656585218
sydney1944@grady.name,Camila Menendes,603/246-5355
gisselle_auer@kris.name,Dr. Augusto da Silva,426-309-9091
logan2044@christiansen.org,Arthur Henrique Bentes,376-962-5884
javonte1957@upton.biz,Ryan Viveiros,773-517-9029
kay1913@bins.info,Guilherme Goulart,966-589-4882
lucius2017@feeney.biz,João Gabriel Henriques,354.743.9585
brittany1966@ullrich.org,Isadora Ramalho,259.376.1255
erna_lebsack@crooks.info,Maria Vitória da Terra,413/286-8581
oma.kuhlman@raynor.org,Clarice da Madureira,916-739-4251
loy.powlowski@crona.com,Murilo Vidal,912/533-7214
kaden2050@dietrich.org,Calebe Melo,927.801.2146
hiram1922@rogahn.com,João Pedro da Aldeia,4834937260
greta.daniel@hilll.net,Fábio Henriques,5668847958
luella2011@gusikowski.net,Matheus Camacho,8054314539
diogo@email.com,diogo,123
